-- phpMyAdmin SQL Dump
-- version 4.7.0
-- https://www.phpmyadmin.net/
--
-- Host: localhost
-- Generation Time: Jun 15, 2017 at 09:11 AM
-- Server version: 10.1.22-MariaDB
-- PHP Version: 7.0.18

SET SQL_MODE = "NO_AUTO_VALUE_ON_ZERO";
SET AUTOCOMMIT = 0;
START TRANSACTION;
SET time_zone = "+00:00";


/*!40101 SET @OLD_CHARACTER_SET_CLIENT=@@CHARACTER_SET_CLIENT */;
/*!40101 SET @OLD_CHARACTER_SET_RESULTS=@@CHARACTER_SET_RESULTS */;
/*!40101 SET @OLD_COLLATION_CONNECTION=@@COLLATION_CONNECTION */;
/*!40101 SET NAMES utf8mb4 */;

--
-- Database: `church`
--

-- --------------------------------------------------------

--
-- Table structure for table `admin`
--

CREATE TABLE `admin` (
  `id` int(50) NOT NULL,
  `username` varchar(50) NOT NULL,
  `password` varchar(50) NOT NULL
) ENGINE=InnoDB DEFAULT CHARSET=latin1;

--
-- Dumping data for table `admin`
--

INSERT INTO `admin` (`id`, `username`, `password`) VALUES
(1, 'admin', 'admin');

-- --------------------------------------------------------

--
-- Table structure for table `email_verify`
--

CREATE TABLE `email_verify` (
  `id` int(50) NOT NULL,
  `user_id` int(50) NOT NULL,
  `token` varchar(100) NOT NULL
) ENGINE=InnoDB DEFAULT CHARSET=latin1;

--
-- Dumping data for table `email_verify`
--

INSERT INTO `email_verify` (`id`, `user_id`, `token`) VALUES
(1, 1, '59422893b038a'),
(2, 2, '59422966efbc5'),
(3, 3, '5942299021052');

-- --------------------------------------------------------

--
-- Table structure for table `options`
--

CREATE TABLE `options` (
  `id` int(50) NOT NULL,
  `question_id` int(50) NOT NULL,
  `option_text` varchar(500) NOT NULL,
  `correct` int(1) NOT NULL,
  `option_text_ml` varchar(1000) NOT NULL
) ENGINE=InnoDB DEFAULT CHARSET=utf8;

--
-- Dumping data for table `options`
--

INSERT INTO `options` (`id`, `question_id`, `option_text`, `correct`, `option_text_ml`) VALUES
(1, 1, 'euiofhghfvo', 0, 'ഹായ്, സുഖമാണോ'),
(2, 1, 'efhuijserduofgh', 0, 'ഹായ്, സുഖമാണോ'),
(3, 1, 'euofhfuhfgweofhuwehuf', 1, 'ഹായ്, സുഖമാണോ'),
(4, 1, 'awseuofheuohfuhu', 0, 'ഹായ്, സുഖമാണോ'),
(5, 2, 'qefijiokedjfioejdf', 0, 'ഹായ്, സുഖമാണോ'),
(6, 2, 'fuioqwehuofhuh', 0, 'ഹായ്, സുഖമാണോ'),
(7, 2, 'wujfhweujufhguo', 1, 'efuhwoghf ഹായ്, സുഖമാണോ'),
(8, 2, 'eofuihwesuofghoh', 0, 'ഹായ്, സുഖമാണോ'),
(9, 3, 'qewfihei', 0, 'ഹായ്, സുഖമാണോ'),
(10, 3, 'wefhjewfh', 1, 'ഹായ്, സുഖമാണോ'),
(11, 3, 'wfidwehfuioeh', 0, 'ഹായ്, സുഖമാണോഹായ്, സുഖമാണോ'),
(12, 3, 'weifhjewfghj', 0, 'ഹായ്, സുഖമാണോ'),
(13, 4, 'eifjwe', 0, 'ഹായ്, സുഖമാണോ'),
(14, 4, 'efije', 0, 'ഹായ്, സുഖമാണോ'),
(15, 4, 'qwefihjqeifhj', 1, 'ഹായ്, സുഖമാണോ'),
(16, 4, 'wjifqfjijf', 0, 'ഹായ്, സുഖമാണോ'),
(17, 5, 'wfojqjf', 1, 'ഹായ്, സുഖമാണോ'),
(18, 5, 'dwd', 0, 'ഹായ്, സുഖമാണോ'),
(19, 5, 'qwef', 0, 'ef'),
(20, 5, 'qwedfwef', 0, 'qawefqwef'),
(21, 6, 'dsvsdv', 0, 'ഹായ്, സുഖമാണോ'),
(22, 6, 'wdwf', 1, 'ഹായ്, സുഖമാണോ'),
(23, 6, 'wdadwaed', 0, 'ഹായ്, സുഖമാണോ'),
(24, 6, 'awdwad', 0, 'ഹായ്, സുഖമാണോ'),
(25, 7, 'awdawdwad', 1, 'ഹായ്, സുഖമാണോ'),
(26, 7, 'wadwad', 0, 'ഹായ്, സുഖമാണോ'),
(27, 7, 'awDad', 0, 'ഹായ്, സുഖമാണോ'),
(28, 7, 'wdawdawd', 0, 'ഹായ്, സുഖമാണോ'),
(29, 8, 'wdwad', 0, 'ഹായ്, സുഖമാണോ'),
(30, 8, 'wdewqadaw', 1, 'ഹായ്, സുഖമാണോ'),
(31, 8, 'wadawdwad', 0, 'ഹായ്, സുഖമാണോ'),
(32, 8, 'awdawd', 0, 'ഹായ്, സുഖമാണോ'),
(33, 9, 'wdwad', 0, 'efef'),
(34, 9, 'easfesf', 0, 'aefaef'),
(35, 9, 'awefawef', 1, 'ഹായ്, സുഖമാണോ'),
(36, 9, 'awdawd', 0, 'ഹായ്, സുഖമാണോ');

-- --------------------------------------------------------

--
-- Table structure for table `questions`
--

CREATE TABLE `questions` (
  `id` int(11) NOT NULL,
  `quiz_id` int(11) NOT NULL,
  `english` varchar(500) NOT NULL,
  `malyalam` varchar(500) CHARACTER SET utf8 NOT NULL,
  `points` int(50) NOT NULL,
  `category` int(10) NOT NULL
) ENGINE=InnoDB DEFAULT CHARSET=latin1;

--
-- Dumping data for table `questions`
--

INSERT INTO `questions` (`id`, `quiz_id`, `english`, `malyalam`, `points`, `category`) VALUES
(1, 1, 'afwhhuf', 'ഹായ്, സുഖമാണോ', 100, 1),
(2, 1, 'awdawediuj', 'ഹായ്, സുഖമാണോഹായ്, സുഖമാണോ wqrdfqwfq', 100, 2),
(3, 1, 'dwdwiapdji', 'ഹായ്, സുഖമാണോ', 100, 3),
(4, 1, 'wqwefjo', 'ഹായ്, സുഖമാണോ', 100, 4),
(5, 2, 'qwef', 'ഹായ്, സുഖമാണോ', 100, 1),
(6, 3, 'wadfawf', 'asedgvsr', 100, 1),
(7, 3, 'wadawdawd', 'ഹായ്, സുഖമാണോ', 100, 2),
(8, 3, 'awdwad', 'awdഹായ്, സുഖമാണോ', 100, 3),
(9, 3, 'wadawd', 'awdwadഹായ്, സുഖമാണോ', 100, 4);

-- --------------------------------------------------------

--
-- Table structure for table `quiz`
--

CREATE TABLE `quiz` (
  `id` int(50) NOT NULL,
  `start_time` date NOT NULL,
  `end_time` date NOT NULL,
  `title` varchar(100) NOT NULL
) ENGINE=InnoDB DEFAULT CHARSET=latin1;

--
-- Dumping data for table `quiz`
--

INSERT INTO `quiz` (`id`, `start_time`, `end_time`, `title`) VALUES
(1, '2017-06-15', '2017-06-18', 'Tech'),
(2, '2017-11-09', '2017-12-23', 'Tech'),
(3, '2017-06-11', '2017-06-20', 'General'),
(4, '2017-06-03', '2017-06-06', 'General');

-- --------------------------------------------------------

--
-- Table structure for table `quiz_answers`
--

CREATE TABLE `quiz_answers` (
  `id` int(50) NOT NULL,
  `user_id` int(50) NOT NULL,
  `questions_id` int(50) NOT NULL,
  `quiz_id` int(50) NOT NULL,
  `points` int(50) NOT NULL
) ENGINE=InnoDB DEFAULT CHARSET=latin1;

--
-- Dumping data for table `quiz_answers`
--

INSERT INTO `quiz_answers` (`id`, `user_id`, `questions_id`, `quiz_id`, `points`) VALUES
(1, 1, 1, 1, 0),
(2, 1, 2, 1, 100),
(3, 2, 3, 1, 0),
(5, 2, 1, 1, 100),
(6, 1, 3, 1, 100),
(7, 2, 2, 1, 50);

-- --------------------------------------------------------

--
-- Table structure for table `reset_password`
--

CREATE TABLE `reset_password` (
  `id` int(50) NOT NULL,
  `user_id` int(50) NOT NULL,
  `token` varchar(100) NOT NULL,
  `timestamp` timestamp NOT NULL DEFAULT CURRENT_TIMESTAMP
) ENGINE=InnoDB DEFAULT CHARSET=latin1;

-- --------------------------------------------------------

--
-- Table structure for table `users`
--

CREATE TABLE `users` (
  `id` int(100) NOT NULL,
  `username` varchar(50) NOT NULL,
  `password` varchar(100) NOT NULL,
  `email` varchar(80) NOT NULL,
  `contact` int(10) NOT NULL,
  `type` int(1) NOT NULL,
  `verified` int(1) NOT NULL
) ENGINE=InnoDB DEFAULT CHARSET=latin1;

--
-- Dumping data for table `users`
--

INSERT INTO `users` (`id`, `username`, `password`, `email`, `contact`, `type`, `verified`) VALUES
(1, 'aasimkhan30', '$2y$12$9tzHUHwCLTg4SpZxHUXSz.KGgTmdSLEvgGA1d3KoohiC800W4tB.a', 'aasimkhan30@gmail.com', 0, 0, 1),
(2, 'aasimkhan301', '$2y$12$GTYiuj1mCOSeXBz61hIov.zrIGzaFY1iMrSDAzdflA57m313czNgy', 'aasim.khan30@gmail.com', 0, 0, 1),
(3, 'aasimkhan302', '$2y$12$a.dTT9h1kF90uGQUSsmuwelW5gUXOSgDvzagjikcZnHyFEx7zuLM6', 'aa.simkhan30@gmail.com', 0, 0, 1);

--
-- Indexes for dumped tables
--

--
-- Indexes for table `admin`
--
ALTER TABLE `admin`
  ADD PRIMARY KEY (`id`);

--
-- Indexes for table `email_verify`
--
ALTER TABLE `email_verify`
  ADD PRIMARY KEY (`id`);

--
-- Indexes for table `options`
--
ALTER TABLE `options`
  ADD PRIMARY KEY (`id`);

--
-- Indexes for table `questions`
--
ALTER TABLE `questions`
  ADD PRIMARY KEY (`id`);

--
-- Indexes for table `quiz`
--
ALTER TABLE `quiz`
  ADD PRIMARY KEY (`id`);

--
-- Indexes for table `quiz_answers`
--
ALTER TABLE `quiz_answers`
  ADD PRIMARY KEY (`id`);

--
-- Indexes for table `reset_password`
--
ALTER TABLE `reset_password`
  ADD PRIMARY KEY (`id`);

--
-- Indexes for table `users`
--
ALTER TABLE `users`
  ADD PRIMARY KEY (`id`);

--
-- AUTO_INCREMENT for dumped tables
--

--
-- AUTO_INCREMENT for table `admin`
--
ALTER TABLE `admin`
  MODIFY `id` int(50) NOT NULL AUTO_INCREMENT, AUTO_INCREMENT=2;
--
-- AUTO_INCREMENT for table `email_verify`
--
ALTER TABLE `email_verify`
  MODIFY `id` int(50) NOT NULL AUTO_INCREMENT, AUTO_INCREMENT=4;
--
-- AUTO_INCREMENT for table `options`
--
ALTER TABLE `options`
  MODIFY `id` int(50) NOT NULL AUTO_INCREMENT, AUTO_INCREMENT=37;
--
-- AUTO_INCREMENT for table `questions`
--
ALTER TABLE `questions`
  MODIFY `id` int(11) NOT NULL AUTO_INCREMENT, AUTO_INCREMENT=10;
--
-- AUTO_INCREMENT for table `quiz`
--
ALTER TABLE `quiz`
  MODIFY `id` int(50) NOT NULL AUTO_INCREMENT, AUTO_INCREMENT=5;
--
-- AUTO_INCREMENT for table `quiz_answers`
--
ALTER TABLE `quiz_answers`
  MODIFY `id` int(50) NOT NULL AUTO_INCREMENT, AUTO_INCREMENT=8;
--
-- AUTO_INCREMENT for table `reset_password`
--
ALTER TABLE `reset_password`
  MODIFY `id` int(50) NOT NULL AUTO_INCREMENT;
--
-- AUTO_INCREMENT for table `users`
--
ALTER TABLE `users`
  MODIFY `id` int(100) NOT NULL AUTO_INCREMENT, AUTO_INCREMENT=4;COMMIT;

/*!40101 SET CHARACTER_SET_CLIENT=@OLD_CHARACTER_SET_CLIENT */;
/*!40101 SET CHARACTER_SET_RESULTS=@OLD_CHARACTER_SET_RESULTS */;
/*!40101 SET COLLATION_CONNECTION=@OLD_COLLATION_CONNECTION */;
